-- DO NOT EDIT --
-- Generates dummy data for the database --

INSERT INTO login
(user_id, username)
VALUES(
    1,
    'admin'
);

INSERT INTO users
(user_id, first_name, last_name, age, email, phone, gender, password, user_type, approved)
VALUES(
    1,
    'Admin',
    'Admin',
    21,
    'admin@clubhub.ie',
    '000 000 0000',
    'other',
    '243262243132242e59323858616944585938356a2e674e782e324a59654c436147615155776c2e432e4f4b7450734545725465637659776270427875',
    'ADMINISTRATOR',
    'APPROVED'
);

INSERT INTO login
(user_id, username)
VALUES (
    2,
    'coordinator1'
);

INSERT INTO users
(user_id, first_name, last_name, age, email, phone, gender, password, user_type, approved)
VALUES (
    2,
    'Test',
    'Test',
    21,
    'test@test.test',
    '000 000 0000',
    'other',
    '243262243132247a41767a483538366f6b364c38743973646f38456e65594a4f4a42482f7a2e656138446e434c48755a586959354b7542573568704f',
    'COORDINATOR',
    'APPROVED'
);

INSERT INTO login
(user_id, username)
VALUES (
    3,
    'student1'
);

INSERT INTO users
(user_id, first_name, last_name, age, email, phone, gender, password, user_type, approved)
VALUES (
    3,
    'Test',
    'Test',
    21,
    'test@test.test',
    '000 000 0000',
    'other',
    '2432622431322445713438747949487479366f51347261395770312f4f38545a4d43616f5155306a2e4c766e5a4967535049566f557a733943777a4f',
    'STUDENT',
    'APPROVED'
);

INSERT INTO login
(user_id, username)
VALUES (
    4,
    'coordinator2'
);

INSERT INTO users
(user_id, first_name, last_name, age, email, phone, gender, password, user_type, approved)
VALUES (
    4,
    'Test',
    'Test',
    21,
    'test@test.test',
    '000 000 0000',
    'other',
    '2432622431322478687142354f39357671596f70516c4457316f346d656c59747941414b592e527259345961786444625333592f586e50784158536d',
    'COORDINATOR',
    'APPROVED'
);

INSERT INTO login
(user_id, username)
VALUES (
    5,
    'student2'
);

INSERT INTO users
(user_id, first_name, last_name, age, email, phone, gender, password, user_type, approved)
VALUES (
    5,
    'Test',
    'Test',
    21,
    'test@test.test',
    '000 000 0000',
    'other',
    '243262243132244871396163446f5643664a426663576b7345614b4365565a727a534942442f2e304955634377347472342e5445422f6c2e51652f71',
    'STUDENT',
    'APPROVED'
);

INSERT INTO login
(user_id, username)
VALUES (
    6,
    'coordinator3'
);

INSERT INTO users
(user_id, first_name, last_name, age, email, phone, gender, password, user_type, approved)
VALUES (
    6,
    'Test',
    'Test',
    21,
    'test@test.test',
    '000 000 0000',
    'other',
    '24326224313224524b58452f376f67466a747266504c3855376c75566539492e6336626366704c773341675131545a6d4f68482f3666367047624669',
    'COORDINATOR',
    'APPROVED'
);

INSERT INTO login
(user_id, username)
VALUES (
    7,
    'student3'
);

INSERT INTO users
(user_id, first_name, last_name, age, email, phone, gender, password, user_type, approved)
VALUES (
    7,
    'Test',
    'Test',
    21,
    'test@test.test',
    '000 000 0000',
    'other',
    '243262243132246663656c6b476e6f6e51446e5343593349534533717564464f36376e784c73702f7a632e5043724a7a385353787532362f6f6b4579',
    'STUDENT',
    'APPROVED'
);

INSERT INTO login
(user_id, username)
VALUES (
    8,
    'coordinator4'
);

INSERT INTO users
(user_id, first_name, last_name, age, email, phone, gender, password, user_type, approved)
VALUES (
    8,
    'Test',
    'Test',
    21,
    'test@test.test',
    '000 000 0000',
    'other',
    '2432622431322467584c783852574364414c304750374a4568754a447558376572794e62742e756b59596c78385239385971725274624337376d6675',
    'COORDINATOR',
    'APPROVED'
);

INSERT INTO login
(user_id, username)
VALUES (
    9,
    'student4'
);

INSERT INTO users
(user_id, first_name, last_name, age, email, phone, gender, password, user_type, approved)
VALUES (
    9,
    'Test',
    'Test',
    21,
    'test@test.test',
    '000 000 0000',
    'other',
    '2432622431322432543953704256336e4478763658412e61576e5259757738447463544f56414c6a51306e75754c64447343546467666365676c4f47',
    'STUDENT',
    'APPROVED'
);

INSERT INTO login
(user_id, username)
VALUES (
    10,
    'coordinator5'
);

INSERT INTO users
(user_id, first_name, last_name, age, email, phone, gender, password, user_type, approved)
VALUES (
    10,
    'Test',
    'Test',
    21,
    'test@test.test',
    '000 000 0000',
    'other',
    '24326224313224762f44524d4a4433396b512e5234564458494a6562653859356f7772724d7933664b6670703953347a514f5a6747573636564e2f57',
    'COORDINATOR',
    'APPROVED'
);

INSERT INTO login
(user_id, username)
VALUES (
    11,
    'student5'
);

INSERT INTO users
(user_id, first_name, last_name, age, email, phone, gender, password, user_type, approved)
VALUES (
    11,
    'Test',
    'Test',
    21,
    'test@test.test',
    '000 000 0000',
    'other',
    '243262243132243457464c734c2f6672673471694542414252537754754158736565424764362f556e41646b524e39783838336167547665392e6475',
    'STUDENT',
    'APPROVED'
);

INSERT INTO login
(user_id, username)
VALUES (
    12,
    'coordinator6'
);

INSERT INTO users
(user_id, first_name, last_name, age, email, phone, gender, password, user_type, approved)
VALUES (
    12,
    'Test',
    'Test',
    21,
    'test@test.test',
    '000 000 0000',
    'other',
    '24326224313224482e73517a44472f664537487355432e4e6d534b3275745365472e666d6c774f487569596667506a6c3055716938373439774b6679',
    'COORDINATOR',
    'APPROVED'
);

INSERT INTO login
(user_id, username)
VALUES (
    13,
    'student6'
);

INSERT INTO users
(user_id, first_name, last_name, age, email, phone, gender, password, user_type, approved)
VALUES (
    13,
    'Test',
    'Test',
    21,
    'test@test.test',
    '000 000 0000',
    'other',
    '24326224313224573273436b675273554465654230456d624f35614c4f3076326870644b6a2e696c6a786b764f416d50616359462f6e73656d574471',
    'STUDENT',
    'APPROVED'
);

INSERT INTO login
(user_id, username)
VALUES (
    14,
    'coordinator7'
);

INSERT INTO users
(user_id, first_name, last_name, age, email, phone, gender, password, user_type, approved)
VALUES (
    14,
    'Test',
    'Test',
    21,
    'test@test.test',
    '000 000 0000',
    'other',
    '243262243132246738494f3837304f2f706b6e2f70335958446c377a75304b556f494d632e646c704b4f70324a7170614c73413455664f50676b5157',
    'COORDINATOR',
    'APPROVED'
);

INSERT INTO login
(user_id, username)
VALUES (
    15,
    'student7'
);

INSERT INTO users
(user_id, first_name, last_name, age, email, phone, gender, password, user_type, approved)
VALUES (
    15,
    'Test',
    'Test',
    21,
    'test@test.test',
    '000 000 0000',
    'other',
    '2432622431322453614b52634e556d6569593178446954466a37696b656d35506c3175314b71684b6f6466434c3355765153496c67354a4e57434669',
    'STUDENT',
    'APPROVED'
);

INSERT INTO login
(user_id, username)
VALUES (
    16,
    'coordinator8'
);

INSERT INTO users
(user_id, first_name, last_name, age, email, phone, gender, password, user_type, approved)
VALUES (
    16,
    'Test',
    'Test',
    21,
    'test@test.test',
    '000 000 0000',
    'other',
    '24326224313224414647673638544961527a71786271386868314a2f2e413779484f426c61427077734f666845703239456156707a54326d70504d4f',
    'COORDINATOR',
    'APPROVED'
);

INSERT INTO login
(user_id, username)
VALUES (
    17,
    'student8'
);

INSERT INTO users
(user_id, first_name, last_name, age, email, phone, gender, password, user_type, approved)
VALUES (
    17,
    'Test',
    'Test',
    21,
    'test@test.test',
    '000 000 0000',
    'other',
    '2432622431322476654c535975436445567a622e7769425047307a442e5a672e3568766f3144654d6d6449576e39702f6932445336505a556c34682e',
    'STUDENT',
    'APPROVED'
);

INSERT INTO login
(user_id, username)
VALUES (
    18,
    'coordinator9'
);

INSERT INTO users
(user_id, first_name, last_name, age, email, phone, gender, password, user_type, approved)
VALUES (
    18,
    'Test',
    'Test',
    21,
    'test@test.test',
    '000 000 0000',
    'other',
    '243262243132243239564e4733563176564e49566532534e442e4d7575516e436b55587069562e32703838547a697565334b53633470385177767a53',
    'COORDINATOR',
    'APPROVED'
);

INSERT INTO login
(user_id, username)
VALUES (
    19,
    'student9'
);

INSERT INTO users
(user_id, first_name, last_name, age, email, phone, gender, password, user_type, approved)
VALUES (
    19,
    'Test',
    'Test',
    21,
    'test@test.test',
    '000 000 0000',
    'other',
    '243262243132245036725a416a45776830516f6a55376776717263434f30524d67396136726a2e35694b436852424a7567712e5452554a5064487565',
    'STUDENT',
    'APPROVED'
);

INSERT INTO login
(user_id, username)
VALUES (
    20,
    'coordinator10'
);

INSERT INTO users
(user_id, first_name, last_name, age, email, phone, gender, password, user_type, approved)
VALUES (
    20,
    'Test',
    'Test',
    21,
    'test@test.test',
    '000 000 0000',
    'other',
    '24326224313224524534366977696d2f4b2f424b567a3875517376634f4a424a2e6e43777932436a5a54524f32335847714b6735614541426a71376d',
    'COORDINATOR',
    'APPROVED'
);

INSERT INTO login
(user_id, username)
VALUES (
    21,
    'student10'
);

INSERT INTO users
(user_id, first_name, last_name, age, email, phone, gender, password, user_type, approved)
VALUES (
    21,
    'Test',
    'Test',
    21,
    'test@test.test',
    '000 000 0000',
    'other',
    '24326224313224526f6f50626574697961485439443131354e2f48796567535838722f5969563747634e5538615a6f3437654673556877717653774f',
    'STUDENT',
    'APPROVED'
);

INSERT INTO login
(user_id, username)
VALUES (
    22,
    'coordinator11'
);

INSERT INTO users
(user_id, first_name, last_name, age, email, phone, gender, password, user_type, approved)
VALUES (
    22,
    'Test',
    'Test',
    21,
    'test@test.test',
    '000 000 0000',
    'other',
    '24326224313224316d76565762586c6861433231566b36487a41427a2e616c7945687a4e50307146433077416161667a7a33615070716c4754583036',
    'COORDINATOR',
    'APPROVED'
);

INSERT INTO login
(user_id, username)
VALUES (
    23,
    'student11'
);

INSERT INTO users
(user_id, first_name, last_name, age, email, phone, gender, password, user_type, approved)
VALUES (
    23,
    'Test',
    'Test',
    21,
    'test@test.test',
    '000 000 0000',
    'other',
    '24326224313224496252654e327252785379645664594f70764d786a4f3938664c3577725270714f70725144504a574b556c354b5a352f6776667161',
    'STUDENT',
    'APPROVED'
);

INSERT INTO login
(user_id, username)
VALUES (
    24,
    'coordinator12'
);

INSERT INTO users
(user_id, first_name, last_name, age, email, phone, gender, password, user_type, approved)
VALUES (
    24,
    'Test',
    'Test',
    21,
    'test@test.test',
    '000 000 0000',
    'other',
    '24326224313224426e68416c7468685861734b352f43544b3472432f2e4c53776c493477544c5345544d3145682f5233457654444444626d50717736',
    'COORDINATOR',
    'APPROVED'
);

INSERT INTO login
(user_id, username)
VALUES (
    25,
    'student12'
);

INSERT INTO users
(user_id, first_name, last_name, age, email, phone, gender, password, user_type, approved)
VALUES (
    25,
    'Test',
    'Test',
    21,
    'test@test.test',
    '000 000 0000',
    'other',
    '243262243132246368546a5973487138356c51794c59674c593763496566522f5a7974694d5768653656574f744a37493745564b5256414d6e316f47',
    'STUDENT',
    'APPROVED'
);

INSERT INTO login
(user_id, username)
VALUES (
    26,
    'coordinator13'
);

INSERT INTO users
(user_id, first_name, last_name, age, email, phone, gender, password, user_type, approved)
VALUES (
    26,
    'Test',
    'Test',
    21,
    'test@test.test',
    '000 000 0000',
    'other',
    '243262243132247a6c61736e514e4d4c47482f7961314d6e6a4c6b476539632e326d333234364a66674b3539476b77543439477835584d463041686d',
    'COORDINATOR',
    'APPROVED'
);

INSERT INTO login
(user_id, username)
VALUES (
    27,
    'student13'
);

INSERT INTO users
(user_id, first_name, last_name, age, email, phone, gender, password, user_type, approved)
VALUES (
    27,
    'Test',
    'Test',
    21,
    'test@test.test',
    '000 000 0000',
    'other',
    '243262243132247a57664e537264677a67764e537747776959702f6c65732e694f6f666c755949393358666d2f716d6b736b6767382e74454a62394b',
    'STUDENT',
    'APPROVED'
);

INSERT INTO login
(user_id, username)
VALUES (
    28,
    'coordinator14'
);

INSERT INTO users
(user_id, first_name, last_name, age, email, phone, gender, password, user_type, approved)
VALUES (
    28,
    'Test',
    'Test',
    21,
    'test@test.test',
    '000 000 0000',
    'other',
    '243262243132245a796d696b6947736d764f2e454f47614750396758754271456c3264514943566b366149685a4b324f447931565544476552515065',
    'COORDINATOR',
    'APPROVED'
);

INSERT INTO login
(user_id, username)
VALUES (
    29,
    'student14'
);

INSERT INTO users
(user_id, first_name, last_name, age, email, phone, gender, password, user_type, approved)
VALUES (
    29,
    'Test',
    'Test',
    21,
    'test@test.test',
    '000 000 0000',
    'other',
    '243262243132246469764e6666484b5a57572e777577574d363071492e593272726346657554336863575171484e7570373848347a7a576143386d6d',
    'STUDENT',
    'APPROVED'
);

INSERT INTO login
(user_id, username)
VALUES (
    30,
    'coordinator15'
);

INSERT INTO users
(user_id, first_name, last_name, age, email, phone, gender, password, user_type, approved)
VALUES (
    30,
    'Test',
    'Test',
    21,
    'test@test.test',
    '000 000 0000',
    'other',
    '243262243132246a47585936596436596a3374534933392e6c325544654e79757a746636557349417571795870554c786e5247536534676b356e3147',
    'COORDINATOR',
    'APPROVED'
);

INSERT INTO login
(user_id, username)
VALUES (
    31,
    'student15'
);

INSERT INTO users
(user_id, first_name, last_name, age, email, phone, gender, password, user_type, approved)
VALUES (
    31,
    'Test',
    'Test',
    21,
    'test@test.test',
    '000 000 0000',
    'other',
    '2432622431322469384f4f4152336969615a4b556e566462722e6e42657148525046794644734d49644e35494b484557664937425a637a357779414f',
    'STUDENT',
    'APPROVED'
);

INSERT INTO login
(user_id, username)
VALUES (
    32,
    'coordinator16'
);

INSERT INTO users
(user_id, first_name, last_name, age, email, phone, gender, password, user_type, approved)
VALUES (
    32,
    'Test',
    'Test',
    21,
    'test@test.test',
    '000 000 0000',
    'other',
    '24326224313224664362765a504533426f64397556794942774842332e68685658734475743864635044414f3770445962566945425a6a4742426e6d',
    'COORDINATOR',
    'APPROVED'
);

INSERT INTO login
(user_id, username)
VALUES (
    33,
    'student16'
);

INSERT INTO users
(user_id, first_name, last_name, age, email, phone, gender, password, user_type, approved)
VALUES (
    33,
    'Test',
    'Test',
    21,
    'test@test.test',
    '000 000 0000',
    'other',
    '243262243132244761576d4b6e4d4533594438456c684c35534f31574f5350596f7251645143336f55634449526a4e76695952434c6c55736a427a65',
    'STUDENT',
    'APPROVED'
);

INSERT INTO login
(user_id, username)
VALUES (
    34,
    'coordinator17'
);

INSERT INTO users
(user_id, first_name, last_name, age, email, phone, gender, password, user_type, approved)
VALUES (
    34,
    'Test',
    'Test',
    21,
    'test@test.test',
    '000 000 0000',
    'other',
    '243262243132246c7548656434383946343937496733744c35484b3075302f56686d673737613476707276334e6c746d653930644e796e676647436d',
    'COORDINATOR',
    'APPROVED'
);

INSERT INTO login
(user_id, username)
VALUES (
    35,
    'student17'
);

INSERT INTO users
(user_id, first_name, last_name, age, email, phone, gender, password, user_type, approved)
VALUES (
    35,
    'Test',
    'Test',
    21,
    'test@test.test',
    '000 000 0000',
    'other',
    '243262243132246554656e557a47356241775541324b68676c2e7045654b6856335752425a647838576631393552782f76433132787232634b2f5469',
    'STUDENT',
    'APPROVED'
);

INSERT INTO login
(user_id, username)
VALUES (
    36,
    'coordinator18'
);

INSERT INTO users
(user_id, first_name, last_name, age, email, phone, gender, password, user_type, approved)
VALUES (
    36,
    'Test',
    'Test',
    21,
    'test@test.test',
    '000 000 0000',
    'other',
    '24326224313224374b7274415863726451674e4a63504f6653743951655679366a74434c75392f6c536834397039576175434f5849426154637a584b',
    'COORDINATOR',
    'APPROVED'
);

INSERT INTO login
(user_id, username)
VALUES (
    37,
    'student18'
);

INSERT INTO users
(user_id, first_name, last_name, age, email, phone, gender, password, user_type, approved)
VALUES (
    37,
    'Test',
    'Test',
    21,
    'test@test.test',
    '000 000 0000',
    'other',
    '243262243132244377527370374b6c4e736b2f6d4837445a316d51572e4548676a66625979316b4333614155557767517565316f3638594178487643',
    'STUDENT',
    'APPROVED'
);

INSERT INTO login
(user_id, username)
VALUES (
    38,
    'coordinator19'
);

INSERT INTO users
(user_id, first_name, last_name, age, email, phone, gender, password, user_type, approved)
VALUES (
    38,
    'Test',
    'Test',
    21,
    'test@test.test',
    '000 000 0000',
    'other',
    '24326224313224517272794c6a4e6e4a69535a794571433349694b674f416d38734c44475a4d67414a554c496f4f6f32763247416243583345376b57',
    'COORDINATOR',
    'APPROVED'
);

INSERT INTO login
(user_id, username)
VALUES (
    39,
    'student19'
);

INSERT INTO users
(user_id, first_name, last_name, age, email, phone, gender, password, user_type, approved)
VALUES (
    39,
    'Test',
    'Test',
    21,
    'test@test.test',
    '000 000 0000',
    'other',
    '24326224313224464e75304b6374634a4b4c666d725133752f716439657447656b644b483974306d51686a46504f7852357844567244332e6a334279',
    'STUDENT',
    'APPROVED'
);

INSERT INTO login
(user_id, username)
VALUES (
    40,
    'coordinator20'
);

INSERT INTO users
(user_id, first_name, last_name, age, email, phone, gender, password, user_type, approved)
VALUES (
    40,
    'Test',
    'Test',
    21,
    'test@test.test',
    '000 000 0000',
    'other',
    '24326224313224697738485534657367414d784c356336716837444d4f7a4b4546777643334b544d5766626f71682e577133746e36576f6b62374e53',
    'COORDINATOR',
    'APPROVED'
);

INSERT INTO login
(user_id, username)
VALUES (
    41,
    'student20'
);

INSERT INTO users
(user_id, first_name, last_name, age, email, phone, gender, password, user_type, approved)
VALUES (
    41,
    'Test',
    'Test',
    21,
    'test@test.test',
    '000 000 0000',
    'other',
    '24326224313224546d4230756973656f434f5634744834654f364276653364705948563448776e524538487748776a647771537532754931716d5075',
    'STUDENT',
    'APPROVED'
);

INSERT INTO login
(user_id, username)
VALUES (
    42,
    'coordinator21'
);

INSERT INTO users
(user_id, first_name, last_name, age, email, phone, gender, password, user_type, approved)
VALUES (
    42,
    'Test',
    'Test',
    21,
    'test@test.test',
    '000 000 0000',
    'other',
    '243262243132246379574e73707361703633576d4c553866654939387578674856487a5638786d6538464847344543536279314d5a7075656863324b',
    'COORDINATOR',
    'APPROVED'
);

INSERT INTO login
(user_id, username)
VALUES (
    43,
    'student21'
);

INSERT INTO users
(user_id, first_name, last_name, age, email, phone, gender, password, user_type, approved)
VALUES (
    43,
    'Test',
    'Test',
    21,
    'test@test.test',
    '000 000 0000',
    'other',
    '24326224313224423375676f76774a424c4f4d6d592f46533771422f656f3461416469534449513979425638316579477757524f7565615536546d71',
    'STUDENT',
    'APPROVED'
);

INSERT INTO login
(user_id, username)
VALUES (
    44,
    'coordinator22'
);

INSERT INTO users
(user_id, first_name, last_name, age, email, phone, gender, password, user_type, approved)
VALUES (
    44,
    'Test',
    'Test',
    21,
    'test@test.test',
    '000 000 0000',
    'other',
    '24326224313224534b62353979734d4f5542476e35335772413069564f4b647634746254484b4a6b383747537543736b6a5947782e334c4946582e4b',
    'COORDINATOR',
    'APPROVED'
);

INSERT INTO login
(user_id, username)
VALUES (
    45,
    'student22'
);

INSERT INTO users
(user_id, first_name, last_name, age, email, phone, gender, password, user_type, approved)
VALUES (
    45,
    'Test',
    'Test',
    21,
    'test@test.test',
    '000 000 0000',
    'other',
    '2432622431322468514f76427a642f464f534f695430774d6b62714e65574549454455424c692f68657670643544776f49454e594e4e356e6e572f4f',
    'STUDENT',
    'APPROVED'
);

INSERT INTO login
(user_id, username)
VALUES (
    46,
    'coordinator23'
);

INSERT INTO users
(user_id, first_name, last_name, age, email, phone, gender, password, user_type, approved)
VALUES (
    46,
    'Test',
    'Test',
    21,
    'test@test.test',
    '000 000 0000',
    'other',
    '24326224313224595a6a38682e734e6776304475775a4436745673642e3551444b4a4136327a644d2e64566f7779375871726b3138696939384e6f71',
    'COORDINATOR',
    'APPROVED'
);

INSERT INTO login
(user_id, username)
VALUES (
    47,
    'student23'
);

INSERT INTO users
(user_id, first_name, last_name, age, email, phone, gender, password, user_type, approved)
VALUES (
    47,
    'Test',
    'Test',
    21,
    'test@test.test',
    '000 000 0000',
    'other',
    '24326224313224535668356b4439362e4930576d426a6779586d587975625966684d626a54376f736174412e495a336133395942576a36707371324f',
    'STUDENT',
    'APPROVED'
);

INSERT INTO login
(user_id, username)
VALUES (
    48,
    'coordinator24'
);

INSERT INTO users
(user_id, first_name, last_name, age, email, phone, gender, password, user_type, approved)
VALUES (
    48,
    'Test',
    'Test',
    21,
    'test@test.test',
    '000 000 0000',
    'other',
    '24326224313224673565535274526f5741515777667446316f766955654d4d446850426a65535944663557715849455541596e4857454f6a7932724b',
    'COORDINATOR',
    'APPROVED'
);

INSERT INTO login
(user_id, username)
VALUES (
    49,
    'student24'
);

INSERT INTO users
(user_id, first_name, last_name, age, email, phone, gender, password, user_type, approved)
VALUES (
    49,
    'Test',
    'Test',
    21,
    'test@test.test',
    '000 000 0000',
    'other',
    '24326224313224673656735673424e3965656e513234504e687a6e792e646849773873774238495759346e465a796d634564743138384e5755383275',
    'STUDENT',
    'APPROVED'
);

INSERT INTO clubs
(club_id, club_name, club_description, creator, validity)
VALUES (
    1,
    'Test Club 1',
    'This is the description for this test club.',
    2,
    'APPROVED'
);

INSERT INTO events
(event_id, club_id, event_name, event_description, venue, date, time)
VALUES (
    1,
    1,
    'Event 1',
    'This is the description for this test event.',
    'Limerick',
    '2025-01-01',
    '12:00:00'
);

INSERT INTO club_memberships
(club_id, user_id, validity)
VALUES (
    1,
    3,
    'APPROVED'
);

INSERT INTO event_participants
(event_id, user_id, validity)
VALUES (
    1,
    3,
    'APPROVED'
);

INSERT INTO clubs
(club_id, club_name, club_description, creator, validity)
VALUES (
    2,
    'Test Club 2',
    'This is the description for this test club.',
    4,
    'APPROVED'
);

INSERT INTO events
(event_id, club_id, event_name, event_description, venue, date, time)
VALUES (
    2,
    2,
    'Event 2',
    'This is the description for this test event.',
    'Limerick',
    '2025-01-01',
    '12:00:00'
);

INSERT INTO club_memberships
(club_id, user_id, validity)
VALUES (
    2,
    5,
    'APPROVED'
);

INSERT INTO event_participants
(event_id, user_id, validity)
VALUES (
    2,
    5,
    'APPROVED'
);

INSERT INTO clubs
(club_id, club_name, club_description, creator, validity)
VALUES (
    3,
    'Test Club 3',
    'This is the description for this test club.',
    6,
    'APPROVED'
);

INSERT INTO events
(event_id, club_id, event_name, event_description, venue, date, time)
VALUES (
    3,
    3,
    'Event 3',
    'This is the description for this test event.',
    'Limerick',
    '2025-01-01',
    '12:00:00'
);

INSERT INTO club_memberships
(club_id, user_id, validity)
VALUES (
    3,
    7,
    'APPROVED'
);

INSERT INTO event_participants
(event_id, user_id, validity)
VALUES (
    3,
    7,
    'APPROVED'
);

INSERT INTO clubs
(club_id, club_name, club_description, creator, validity)
VALUES (
    4,
    'Test Club 4',
    'This is the description for this test club.',
    8,
    'APPROVED'
);

INSERT INTO events
(event_id, club_id, event_name, event_description, venue, date, time)
VALUES (
    4,
    4,
    'Event 4',
    'This is the description for this test event.',
    'Limerick',
    '2025-01-01',
    '12:00:00'
);

INSERT INTO club_memberships
(club_id, user_id, validity)
VALUES (
    4,
    9,
    'APPROVED'
);

INSERT INTO event_participants
(event_id, user_id, validity)
VALUES (
    4,
    9,
    'APPROVED'
);

INSERT INTO clubs
(club_id, club_name, club_description, creator, validity)
VALUES (
    5,
    'Test Club 5',
    'This is the description for this test club.',
    10,
    'APPROVED'
);

INSERT INTO events
(event_id, club_id, event_name, event_description, venue, date, time)
VALUES (
    5,
    5,
    'Event 5',
    'This is the description for this test event.',
    'Limerick',
    '2025-01-01',
    '12:00:00'
);

INSERT INTO club_memberships
(club_id, user_id, validity)
VALUES (
    5,
    11,
    'APPROVED'
);

INSERT INTO event_participants
(event_id, user_id, validity)
VALUES (
    5,
    11,
    'APPROVED'
);

INSERT INTO clubs
(club_id, club_name, club_description, creator, validity)
VALUES (
    6,
    'Test Club 6',
    'This is the description for this test club.',
    12,
    'APPROVED'
);

INSERT INTO events
(event_id, club_id, event_name, event_description, venue, date, time)
VALUES (
    6,
    6,
    'Event 6',
    'This is the description for this test event.',
    'Limerick',
    '2025-01-01',
    '12:00:00'
);

INSERT INTO club_memberships
(club_id, user_id, validity)
VALUES (
    6,
    13,
    'APPROVED'
);

INSERT INTO event_participants
(event_id, user_id, validity)
VALUES (
    6,
    13,
    'APPROVED'
);

INSERT INTO clubs
(club_id, club_name, club_description, creator, validity)
VALUES (
    7,
    'Test Club 7',
    'This is the description for this test club.',
    14,
    'APPROVED'
);

INSERT INTO events
(event_id, club_id, event_name, event_description, venue, date, time)
VALUES (
    7,
    7,
    'Event 7',
    'This is the description for this test event.',
    'Limerick',
    '2025-01-01',
    '12:00:00'
);

INSERT INTO club_memberships
(club_id, user_id, validity)
VALUES (
    7,
    15,
    'APPROVED'
);

INSERT INTO event_participants
(event_id, user_id, validity)
VALUES (
    7,
    15,
    'APPROVED'
);

INSERT INTO clubs
(club_id, club_name, club_description, creator, validity)
VALUES (
    8,
    'Test Club 8',
    'This is the description for this test club.',
    16,
    'APPROVED'
);

INSERT INTO events
(event_id, club_id, event_name, event_description, venue, date, time)
VALUES (
    8,
    8,
    'Event 8',
    'This is the description for this test event.',
    'Limerick',
    '2025-01-01',
    '12:00:00'
);

INSERT INTO club_memberships
(club_id, user_id, validity)
VALUES (
    8,
    17,
    'APPROVED'
);

INSERT INTO event_participants
(event_id, user_id, validity)
VALUES (
    8,
    17,
    'APPROVED'
);

INSERT INTO clubs
(club_id, club_name, club_description, creator, validity)
VALUES (
    9,
    'Test Club 9',
    'This is the description for this test club.',
    18,
    'APPROVED'
);

INSERT INTO events
(event_id, club_id, event_name, event_description, venue, date, time)
VALUES (
    9,
    9,
    'Event 9',
    'This is the description for this test event.',
    'Limerick',
    '2025-01-01',
    '12:00:00'
);

INSERT INTO club_memberships
(club_id, user_id, validity)
VALUES (
    9,
    19,
    'APPROVED'
);

INSERT INTO event_participants
(event_id, user_id, validity)
VALUES (
    9,
    19,
    'APPROVED'
);

INSERT INTO clubs
(club_id, club_name, club_description, creator, validity)
VALUES (
    10,
    'Test Club 10',
    'This is the description for this test club.',
    20,
    'APPROVED'
);

INSERT INTO events
(event_id, club_id, event_name, event_description, venue, date, time)
VALUES (
    10,
    10,
    'Event 10',
    'This is the description for this test event.',
    'Limerick',
    '2025-01-01',
    '12:00:00'
);

INSERT INTO club_memberships
(club_id, user_id, validity)
VALUES (
    10,
    21,
    'APPROVED'
);

INSERT INTO event_participants
(event_id, user_id, validity)
VALUES (
    10,
    21,
    'APPROVED'
);

INSERT INTO clubs
(club_id, club_name, club_description, creator, validity)
VALUES (
    11,
    'Test Club 11',
    'This is the description for this test club.',
    22,
    'APPROVED'
);

INSERT INTO events
(event_id, club_id, event_name, event_description, venue, date, time)
VALUES (
    11,
    11,
    'Event 11',
    'This is the description for this test event.',
    'Limerick',
    '2025-01-01',
    '12:00:00'
);

INSERT INTO club_memberships
(club_id, user_id, validity)
VALUES (
    11,
    23,
    'APPROVED'
);

INSERT INTO event_participants
(event_id, user_id, validity)
VALUES (
    11,
    23,
    'APPROVED'
);

INSERT INTO clubs
(club_id, club_name, club_description, creator, validity)
VALUES (
    12,
    'Test Club 12',
    'This is the description for this test club.',
    24,
    'APPROVED'
);

INSERT INTO events
(event_id, club_id, event_name, event_description, venue, date, time)
VALUES (
    12,
    12,
    'Event 12',
    'This is the description for this test event.',
    'Limerick',
    '2025-01-01',
    '12:00:00'
);

INSERT INTO club_memberships
(club_id, user_id, validity)
VALUES (
    12,
    25,
    'APPROVED'
);

INSERT INTO event_participants
(event_id, user_id, validity)
VALUES (
    12,
    25,
    'APPROVED'
);

INSERT INTO clubs
(club_id, club_name, club_description, creator, validity)
VALUES (
    13,
    'Test Club 13',
    'This is the description for this test club.',
    26,
    'APPROVED'
);

INSERT INTO events
(event_id, club_id, event_name, event_description, venue, date, time)
VALUES (
    13,
    13,
    'Event 13',
    'This is the description for this test event.',
    'Limerick',
    '2025-01-01',
    '12:00:00'
);

INSERT INTO club_memberships
(club_id, user_id, validity)
VALUES (
    13,
    27,
    'APPROVED'
);

INSERT INTO event_participants
(event_id, user_id, validity)
VALUES (
    13,
    27,
    'APPROVED'
);

INSERT INTO clubs
(club_id, club_name, club_description, creator, validity)
VALUES (
    14,
    'Test Club 14',
    'This is the description for this test club.',
    28,
    'APPROVED'
);

INSERT INTO events
(event_id, club_id, event_name, event_description, venue, date, time)
VALUES (
    14,
    14,
    'Event 14',
    'This is the description for this test event.',
    'Limerick',
    '2025-01-01',
    '12:00:00'
);

INSERT INTO club_memberships
(club_id, user_id, validity)
VALUES (
    14,
    29,
    'APPROVED'
);

INSERT INTO event_participants
(event_id, user_id, validity)
VALUES (
    14,
    29,
    'APPROVED'
);

INSERT INTO clubs
(club_id, club_name, club_description, creator, validity)
VALUES (
    15,
    'Test Club 15',
    'This is the description for this test club.',
    30,
    'APPROVED'
);

INSERT INTO events
(event_id, club_id, event_name, event_description, venue, date, time)
VALUES (
    15,
    15,
    'Event 15',
    'This is the description for this test event.',
    'Limerick',
    '2025-01-01',
    '12:00:00'
);

INSERT INTO club_memberships
(club_id, user_id, validity)
VALUES (
    15,
    31,
    'APPROVED'
);

INSERT INTO event_participants
(event_id, user_id, validity)
VALUES (
    15,
    31,
    'APPROVED'
);

INSERT INTO clubs
(club_id, club_name, club_description, creator, validity)
VALUES (
    16,
    'Test Club 16',
    'This is the description for this test club.',
    32,
    'APPROVED'
);

INSERT INTO events
(event_id, club_id, event_name, event_description, venue, date, time)
VALUES (
    16,
    16,
    'Event 16',
    'This is the description for this test event.',
    'Limerick',
    '2025-01-01',
    '12:00:00'
);

INSERT INTO club_memberships
(club_id, user_id, validity)
VALUES (
    16,
    33,
    'APPROVED'
);

INSERT INTO event_participants
(event_id, user_id, validity)
VALUES (
    16,
    33,
    'APPROVED'
);

INSERT INTO clubs
(club_id, club_name, club_description, creator, validity)
VALUES (
    17,
    'Test Club 17',
    'This is the description for this test club.',
    34,
    'APPROVED'
);

INSERT INTO events
(event_id, club_id, event_name, event_description, venue, date, time)
VALUES (
    17,
    17,
    'Event 17',
    'This is the description for this test event.',
    'Limerick',
    '2025-01-01',
    '12:00:00'
);

INSERT INTO club_memberships
(club_id, user_id, validity)
VALUES (
    17,
    35,
    'APPROVED'
);

INSERT INTO event_participants
(event_id, user_id, validity)
VALUES (
    17,
    35,
    'APPROVED'
);

INSERT INTO clubs
(club_id, club_name, club_description, creator, validity)
VALUES (
    18,
    'Test Club 18',
    'This is the description for this test club.',
    36,
    'APPROVED'
);

INSERT INTO events
(event_id, club_id, event_name, event_description, venue, date, time)
VALUES (
    18,
    18,
    'Event 18',
    'This is the description for this test event.',
    'Limerick',
    '2025-01-01',
    '12:00:00'
);

INSERT INTO club_memberships
(club_id, user_id, validity)
VALUES (
    18,
    37,
    'APPROVED'
);

INSERT INTO event_participants
(event_id, user_id, validity)
VALUES (
    18,
    37,
    'APPROVED'
);

INSERT INTO clubs
(club_id, club_name, club_description, creator, validity)
VALUES (
    19,
    'Test Club 19',
    'This is the description for this test club.',
    38,
    'APPROVED'
);

INSERT INTO events
(event_id, club_id, event_name, event_description, venue, date, time)
VALUES (
    19,
    19,
    'Event 19',
    'This is the description for this test event.',
    'Limerick',
    '2025-01-01',
    '12:00:00'
);

INSERT INTO club_memberships
(club_id, user_id, validity)
VALUES (
    19,
    39,
    'APPROVED'
);

INSERT INTO event_participants
(event_id, user_id, validity)
VALUES (
    19,
    39,
    'APPROVED'
);

INSERT INTO clubs
(club_id, club_name, club_description, creator, validity)
VALUES (
    20,
    'Test Club 20',
    'This is the description for this test club.',
    40,
    'APPROVED'
);

INSERT INTO events
(event_id, club_id, event_name, event_description, venue, date, time)
VALUES (
    20,
    20,
    'Event 20',
    'This is the description for this test event.',
    'Limerick',
    '2025-01-01',
    '12:00:00'
);

INSERT INTO club_memberships
(club_id, user_id, validity)
VALUES (
    20,
    41,
    'APPROVED'
);

INSERT INTO event_participants
(event_id, user_id, validity)
VALUES (
    20,
    41,
    'APPROVED'
);

INSERT INTO clubs
(club_id, club_name, club_description, creator, validity)
VALUES (
    21,
    'Test Club 21',
    'This is the description for this test club.',
    42,
    'APPROVED'
);

INSERT INTO events
(event_id, club_id, event_name, event_description, venue, date, time)
VALUES (
    21,
    21,
    'Event 21',
    'This is the description for this test event.',
    'Limerick',
    '2025-01-01',
    '12:00:00'
);

INSERT INTO club_memberships
(club_id, user_id, validity)
VALUES (
    21,
    43,
    'APPROVED'
);

INSERT INTO event_participants
(event_id, user_id, validity)
VALUES (
    21,
    43,
    'APPROVED'
);

INSERT INTO clubs
(club_id, club_name, club_description, creator, validity)
VALUES (
    22,
    'Test Club 22',
    'This is the description for this test club.',
    44,
    'APPROVED'
);

INSERT INTO events
(event_id, club_id, event_name, event_description, venue, date, time)
VALUES (
    22,
    22,
    'Event 22',
    'This is the description for this test event.',
    'Limerick',
    '2025-01-01',
    '12:00:00'
);

INSERT INTO club_memberships
(club_id, user_id, validity)
VALUES (
    22,
    45,
    'APPROVED'
);

INSERT INTO event_participants
(event_id, user_id, validity)
VALUES (
    22,
    45,
    'APPROVED'
);

INSERT INTO clubs
(club_id, club_name, club_description, creator, validity)
VALUES (
    23,
    'Test Club 23',
    'This is the description for this test club.',
    46,
    'APPROVED'
);

INSERT INTO events
(event_id, club_id, event_name, event_description, venue, date, time)
VALUES (
    23,
    23,
    'Event 23',
    'This is the description for this test event.',
    'Limerick',
    '2025-01-01',
    '12:00:00'
);

INSERT INTO club_memberships
(club_id, user_id, validity)
VALUES (
    23,
    47,
    'APPROVED'
);

INSERT INTO event_participants
(event_id, user_id, validity)
VALUES (
    23,
    47,
    'APPROVED'
);

INSERT INTO clubs
(club_id, club_name, club_description, creator, validity)
VALUES (
    24,
    'Test Club 24',
    'This is the description for this test club.',
    48,
    'APPROVED'
);

INSERT INTO events
(event_id, club_id, event_name, event_description, venue, date, time)
VALUES (
    24,
    24,
    'Event 24',
    'This is the description for this test event.',
    'Limerick',
    '2025-01-01',
    '12:00:00'
);

INSERT INTO club_memberships
(club_id, user_id, validity)
VALUES (
    24,
    49,
    'APPROVED'
);

INSERT INTO event_participants
(event_id, user_id, validity)
VALUES (
    24,
    49,
    'APPROVED'
);
